sonar_front, sonar_left, sonar_right, motor_left, motor_right
2550, 2550, 2550, 122, 122
1805, 2550, 2550, 306, 305
1343, 2550, 2550, 490, 489
1297, 2550, 2550, 675, 673
1550, 2550, 2550, 858, 857
1474, 2550, 2550, 1043, 1042
1379, 2550, 530, 1227, 1226
792, 2550, 500, 1413, 1412
1278, 2550, 2550, 1598, 1597
1160, 2550, 2550, 1781, 1780
756, 2550, 2550, 1970, 1969
1106, 2550, 2550, 2156, 2155
954, 2550, 2550, 2342, 2342
2550, 2550, 2550, 2527, 2526
1273, 2550, 410, 2711, 2710
1101, 2550, 450, 2894, 2893
1628, 2550, 430, 3081, 3081
2550, 2550, 410, 3265, 3264
1513, 2550, 2550, 3450, 3450
1404, 2550, 2550, 3636, 3635
947, 2550, 430, 3822, 3822
1458, 2550, 430, 4006, 4006
1301, 2550, 2550, 4194, 4193
1189, 2550, 2550, 4378, 4377
1111, 2550, 2550, 4563, 4563
1031, 880, 2550, 4750, 4750
968, 820, 690, 4937, 4936
968, 1030, 2550, 5122, 5122
754, 970, 2550, 5308, 5307
679, 640, 2550, 5491, 5490
573, 550, 2550, 5678, 5677
506, 450, 560, 5862, 5862
399, 370, 680, 6048, 6047
326, 290, 580, 6234, 6232
326, 210, 450, 6419, 6265
445, 210, 420, 6605, 6372
364, 200, 320, 6792, 6558
265, 200, 250, 6975, 6669
340, 220, 2550, 7160, 6533
740, 230, 2550, 7346, 6664
326, 220, 2550, 7535, 6853
542, 210, 2550, 7721, 7038
446, 200, 2550, 7904, 7221
353, 200, 700, 8090, 7408
265, 200, 2550, 8276, 7556
2550, 220, 2550, 8462, 7445
2550, 2550, 2550, 8645, 7557
1044, 2550, 1110, 8830, 7742
2335, 2550, 1070, 9014, 7926
1406, 2550, 1070, 9204, 8116
1450, 2550, 1310, 9393, 8305
1589, 2550, 2550, 9577, 8489
2550, 2550, 2550, 9762, 8674
1217, 2550, 2550, 9949, 8861
1680, 2550, 2550, 10133, 9045
1597, 2550, 2550, 10321, 9232
993, 2550, 2550, 10506, 9418
1337, 2550, 2550, 10693, 9605
1263, 2550, 2550, 10877, 9789
994, 2550, 2550, 11062, 9974
1062, 2550, 2550, 11250, 10162
973, 2550, 2550, 11437, 10348
916, 2550, 1230, 11620, 10532
774, 2550, 1170, 11807, 10718
696, 2550, 2550, 11991, 10903
345, 2550, 2550, 12175, 11087
525, 2550, 2550, 12361, 11272
435, 2550, 2550, 12546, 11457
347, 2550, 2550, 12732, 11644
263, 2550, 290, 12886, 11827
1189, 2550, 220, 12834, 12016
757, 2550, 210, 13007, 12202
496, 2550, 210, 13195, 12390
433, 2550, 110, 13380, 12576
326, 2550, 220, 13503, 12762
326, 2550, 50, 13627, 12945
2550, 2550, 2550, 13535, 13130
849, 2550, 2550, 13700, 13321
929, 2550, 2550, 13884, 13506
2550, 2550, 2550, 14070, 13691
721, 2550, 2550, 14259, 13880
849, 2550, 2550, 14444, 14065
2550, 2550, 2550, 14630, 14250
2550, 2550, 2550, 14816, 14436
1577, 2550, 2550, 15001, 14620
2550, 2550, 2550, 15185, 14806
2211, 2550, 2550, 15373, 14993
2205, 2550, 2550, 15559, 15180
2033, 2550, 2550, 15746, 15367
2122, 2550, 2550, 15931, 15552
853, 2550, 2550, 16119, 15740
1201, 1030, 2550, 16305, 15926
1092, 980, 2550, 16493, 16112
1839, 980, 2550, 16677, 16297
1509, 880, 2550, 16863, 16483
960, 850, 2550, 17048, 16668
1198, 770, 2550, 17236, 16856
1231, 690, 2550, 17423, 17044
1000, 640, 2550, 17612, 17233
1022, 840, 2550, 17935, 17333
536, 2550, 2550, 18126, 17320
469, 2550, 250, 18313, 17508
420, 2550, 240, 18360, 17692
833, 2550, 310, 18529, 17880
483, 2550, 230, 18759, 18131
687, 2550, 2550, 18907, 18318
546, 2550, 2550, 19091, 18503
